url,asset_type,title,demonstrates,source_file,live_editors_on_page,has_copy,has_source_toggle,has_sandbox,has_reset,last_modified
/examples/accessibility,live-demo,Accessibility,"A keyboard-only walkthrough with a live log of what the editor announces, plus the full shortcut reference.",apps/site/src/examples/accessibility/index.tsx,1,yes,yes,no,no,2026-09-17
/examples/autosave,live-demo,Autosave and drafts,"A draft written on a debounce, a restore prompt on the way back, a TTL, and clearing on submit.",apps/site/src/examples/autosave/index.tsx,1,yes,yes,no,no,2026-09-17
/examples/basic,live-demo,Basic,"The smallest possible editor, next to the same value rendered read-only. What the editor shows and what RteContentView shows are byte-identical.",apps/site/src/examples/basic/index.tsx,1,yes,yes,no,no,2026-09-17
/examples/command-overrides,live-demo,Command overrides,"Forcing rel and target onto every inserted link, and remapping the colour command to a design system’s tokens — with a log of what each override changed.",apps/site/src/examples/command-overrides/index.tsx,1,yes,yes,no,no,2026-09-17
/examples/composable,live-demo,Composable parts,"The editor assembled into a card layout of your own: toolbar in the header, content in the body, counter and send button in the footer.",apps/site/src/examples/composable/index.tsx,1,yes,yes,no,no,2026-09-17
/examples/content-styles,live-demo,Content styles,"The same HTML in the editor and in RteContentView, side by side, with a computed-style comparison proving the two render identically.",apps/site/src/examples/content-styles/index.tsx,1,yes,yes,no,no,2026-09-17
/examples/controlled,live-demo,Controlled value,"A fully controlled editor with external “load” buttons. Typing never jumps the caret, and a programmatic load reports source: ""api"" so the parent can tell its own writes apart from the author’s.",apps/site/src/examples/controlled/index.tsx,1,yes,yes,no,no,2026-09-17
/examples/counter-and-limits,live-demo,Counter and limits,"maxLength that blocks versus one that only warns, characters versus words, and every counter state.",apps/site/src/examples/counter-and-limits/index.tsx,1,yes,yes,no,no,2026-09-17
/examples/design-system-skin,live-demo,Design-system skin,"Re-skinning the whole editor by replacing only the twelve primitives — button, popover, dialog, input and the rest — and nothing else.",apps/site/src/examples/design-system-skin/index.tsx,1,yes,yes,no,no,2026-09-17
/examples/email-output,live-demo,E-mail output,"The email profile: inline styles, absolute URLs, a centring table, merge-tag substitution and the text/plain alternative, next to a client preview.",apps/site/src/examples/email-output/index.tsx,1,yes,yes,no,no,2026-09-17
/examples/emoji-and-slash,live-demo,Emoji and slash menu,"The : emoji trigger and the / command palette, both built on the same InlineSuggestMenu.",apps/site/src/examples/emoji-and-slash/index.tsx,1,yes,yes,no,no,2026-09-17
/examples/find-replace,live-demo,Find and replace,"The panel, match highlighting, a live counter and a regular-expression search — none of which touch the document until you replace something.",apps/site/src/examples/find-replace/index.tsx,1,yes,yes,no,no,2026-09-17
/examples/floating-toolbar,live-demo,Floating toolbar,"A bubble toolbar over the selection, a sticky docked one, and the overflow menu when the row runs out of room.",apps/site/src/examples/floating-toolbar/index.tsx,1,yes,yes,no,no,2026-09-17
/examples/formatting,live-demo,Formatting,"Every mark and block the library ships, over mixed selections, plus clear formatting.",apps/site/src/examples/formatting/index.tsx,1,yes,yes,no,no,2026-09-17
/examples/fullscreen,live-demo,Fullscreen,"The editor fills the viewport, the page stops scrolling behind it, and Escape comes back.",apps/site/src/examples/fullscreen/index.tsx,1,yes,yes,no,no,2026-09-17
/examples/handlers-middleware,live-demo,Handler middleware,"Analytics on every toolbar command, a plain-text-only paste policy, a confirmation before following an external link, and a change the editor refuses.",apps/site/src/examples/handlers-middleware/index.tsx,1,yes,yes,no,no,2026-09-17
/examples/headless,live-demo,Headless,"useEditor with a completely custom UI: no toolbar component, no slots, no theme — just the hooks, and a surface built from scratch.",apps/site/src/examples/headless/index.tsx,1,yes,yes,no,no,2026-09-17
/examples/history,live-demo,History,"Undo grouping while typing, one entry per command, and clearHistory after a programmatic load.",apps/site/src/examples/history/index.tsx,1,yes,yes,no,no,2026-09-17
/examples/html-interop,live-demo,HTML interop profiles,"Load legacy Quill HTML, edit it, and export as standard, quill-compatible, email or minimal — with a size and attribute comparison.",apps/site/src/examples/html-interop/index.tsx,1,yes,yes,no,no,2026-09-17
/examples/images,live-demo,Images and uploads,"Insert by URL or upload with a mock service that reports progress and can fail, plus alt text, captions and resizing.",apps/site/src/examples/images/index.tsx,1,yes,yes,no,no,2026-09-17
/examples/large-document,live-demo,Large document,"A 100 KB document with a typing-latency meter and a serialization cost breakdown, showing what a change handler actually pays for.",apps/site/src/examples/large-document/index.tsx,1,yes,yes,no,no,2026-09-17
/examples/legacy-parity,live-demo,Parity: a legacy “send report” form,"The original form reproduced 1:1 — classic theme and preset, the eight-button toolbar, a 287px editor, the 21-swatch colour popover and the default merge-tag body — with all 26 of its known defects fixed rather than reproduced.",apps/site/src/examples/legacy-parity/index.tsx,1,yes,yes,no,no,2026-09-17
/examples/links,live-demo,Links,"The link popover, autolinking as you type, click behaviour, and a validator that only accepts internal URLs.",apps/site/src/examples/links/index.tsx,1,yes,yes,no,no,2026-09-17
/examples/lists,live-demo,Lists,"Bulleted, numbered and check lists, nesting with Tab, and the markdown shortcuts that create them.",apps/site/src/examples/lists/index.tsx,1,yes,yes,no,no,2026-09-17
/examples/localization,live-demo,Localization,"English, Hungarian, German and Spanish, a right-to-left layout, and the pseudo-locale that finds every string the catalogue never reached.",apps/site/src/examples/localization/index.tsx,1,yes,yes,no,no,2026-09-17
/examples/markdown,live-demo,Markdown,"Markdown input rules while typing, and markdown as the value format.",apps/site/src/examples/markdown/index.tsx,1,yes,yes,no,no,2026-09-17
/examples/mentions,live-demo,Mentions,"An @ trigger backed by an async search, with loading and empty states, inserting an atomic mention node.",apps/site/src/examples/mentions/index.tsx,1,yes,yes,no,no,2026-09-17
/examples/merge-tags,live-demo,Merge tags,"Atomic tag chips: the insert menu, the {{ trigger, preview mode and unknown-tag warnings.",apps/site/src/examples/merge-tags/index.tsx,1,yes,yes,no,no,2026-09-17
/examples/mobile,live-demo,Mobile,"The editor at phone width: a scrolling toolbar, a bottom dock that tracks the keyboard, and 44px touch targets.",apps/site/src/examples/mobile/index.tsx,1,yes,yes,no,no,2026-09-17
/examples/multiple-editors,live-demo,Multiple editors on one page,"Three editors side by side with independent toolbars, popovers, colours, history and ids — the regression demo for R4 and R10.",apps/site/src/examples/multiple-editors/index.tsx,3,yes,yes,no,no,2026-09-17
/examples/paste-cleanup,live-demo,Paste clean-up,"Word, Google Docs, Excel and Quill markup, before and after the paste pipeline, with a check for anything that survived it.",apps/site/src/examples/paste-cleanup/index.tsx,0,yes,yes,no,no,2026-09-17
/examples/plugin-authoring,live-demo,Writing a plugin,"A highlight plugin, built live: a mark, a command, a keymap, a toolbar item, sanitizer rules and localization — with its own source alongside.",apps/site/src/examples/plugin-authoring/index.tsx,1,yes,yes,no,no,2026-09-17
/examples/presets,live-demo,Presets,"minimal, classic, standard, email, comment and full, switched live over the same content. A preset is a plugin bundle plus prop defaults.",apps/site/src/examples/presets/index.tsx,1,yes,yes,no,no,2026-09-17
/examples/readonly-and-disabled,live-demo,Read-only and disabled,"The two states side by side, and the same content in RteContentView.",apps/site/src/examples/readonly-and-disabled/index.tsx,0,yes,yes,no,no,2026-09-17
/examples/sanitization,live-demo,Sanitization,"A malicious-HTML playground: pick an XSS payload, see exactly what each profile strips. Nothing is ever evaluated — the input is shown as text.",apps/site/src/examples/sanitization/index.tsx,0,yes,yes,no,no,2026-09-17
/examples/slots-custom,live-demo,Custom slots,"Replacing ToolbarButton, LinkPopover, Counter and Placeholder with components of your own, while every behaviour they carry keeps working.",apps/site/src/examples/slots-custom/index.tsx,1,yes,yes,no,no,2026-09-17
/examples/source-view,live-demo,Source view,"Edit the HTML directly. What you apply goes through the sanitizer, so the source view is another way in rather than a way around.",apps/site/src/examples/source-view/index.tsx,1,yes,yes,no,no,2026-09-17
/examples/tables,live-demo,Tables,"The size picker, cell navigation, the row and column controls, and how a table serializes for e-mail.",apps/site/src/examples/tables/index.tsx,1,yes,yes,no,no,2026-09-17
/examples/tailwind-skin,live-demo,Tailwind skin,"Unstyled mode plus utility classes on every part: no editor CSS variables at all, and the prose styles kept so stored content still renders correctly.",apps/site/src/examples/tailwind-skin/index.tsx,1,yes,yes,no,no,2026-09-17
/examples/theming,live-demo,Theming,"The five shipped presets, a brand theme built with createTheme, light and dark, and the three densities — all on the same content.",apps/site/src/examples/theming/index.tsx,1,yes,yes,no,no,2026-09-17
/examples/toolbar-config,live-demo,Toolbar configuration,"Flat and grouped layouts, overflow behaviour, visible labels, a compact size and a custom item — every toolbar shape the registry supports.",apps/site/src/examples/toolbar-config/index.tsx,1,yes,yes,no,no,2026-09-17
/examples/validation-formik,live-demo,Validation with Formik,"The same required and maxLength rules as the react-hook-form example, wired to Formik — proving the core has no form-library dependency.",apps/site/src/examples/validation-formik/index.tsx,1,yes,yes,no,no,2026-09-17
/examples/validation-rhf,live-demo,Validation with react-hook-form,"RteField with required and maxLength, proving that <p><br></p> no longer passes validation — the bug that let an empty e-mail go out.",apps/site/src/examples/validation-rhf/index.tsx,1,yes,yes,no,no,2026-09-17
/examples/value-formats,live-demo,Value formats,"The same content as HTML, JSON, Markdown and plain text, switched live.",apps/site/src/examples/value-formats/index.tsx,1,yes,yes,no,no,2026-09-17
/playground,live-tool,Playground,"Interactive configuration surface, not tied to one capability.",apps/site/src/routes/Playground.tsx,1,no,yes,no,no,2026-09-17
/theme-editor,live-tool,Theme editor,"Interactive configuration surface, not tied to one capability.",apps/site/src/routes/ThemeEditor.tsx,1,no,yes,no,no,2026-09-17
(not served),test-snapshot,classic-color-popover,Visual regression fixture for the classic preset; never published.,apps/site/e2e/visual.spec.ts-snapshots/classic-color-popover-chromium-win32.png,0,n/a,n/a,n/a,n/a,2026-09-17
(not served),test-snapshot,classic-empty,Visual regression fixture for the classic preset; never published.,apps/site/e2e/visual.spec.ts-snapshots/classic-empty-chromium-win32.png,0,n/a,n/a,n/a,n/a,2026-09-17
(not served),test-snapshot,classic-focused,Visual regression fixture for the classic preset; never published.,apps/site/e2e/visual.spec.ts-snapshots/classic-focused-chromium-win32.png,0,n/a,n/a,n/a,n/a,2026-09-17
(not served),test-snapshot,classic-formatted,Visual regression fixture for the classic preset; never published.,apps/site/e2e/visual.spec.ts-snapshots/classic-formatted-chromium-win32.png,0,n/a,n/a,n/a,n/a,2026-09-17
(not served),test-snapshot,classic-idle,Visual regression fixture for the classic preset; never published.,apps/site/e2e/visual.spec.ts-snapshots/classic-idle-chromium-win32.png,0,n/a,n/a,n/a,n/a,2026-09-17
(not served),test-snapshot,multiple-editors,Visual regression fixture for the classic preset; never published.,apps/site/e2e/visual.spec.ts-snapshots/multiple-editors-chromium-win32.png,0,n/a,n/a,n/a,n/a,2026-09-17
