url,status,content_type,page_title,h1,word_count,h2_count,h3_count,live_demos,inbound_links_total,inbound_links_in_content,inbound_from_content,has_canonical,has_og,source_file,last_modified
/,200,marketing,react-rtekit,A rich text editor you can actually own,199,6,0,0,80,18,/docs /docs/getting-started /docs/guides/accessibility /docs/guides/forms /docs/guides/getting-started /docs/guides/html-interop /docs/guides/localization /docs/guides/merge-tags /docs/guides/migration-from-quill /docs/guides/performance /docs/guides/plugins /docs/guides/sanitization /docs/guides/slots-and-handlers /docs/guides/ssr /docs/guides/theming /docs/guides/toolbar /docs/guides/uploads /docs/guides/value-and-formats,no,no,apps/site/src/routes/Home.tsx,2026-09-17
/api,200,reference,react-rtekit,API reference,96,12,0,0,80,0,,no,no,apps/site/src/routes/ApiIndex.tsx,2026-09-17
/api/commands,200,reference,react-rtekit,Commands,404,0,0,0,1,1,/api,no,no,apps/site/src/routes/ApiPage.tsx,2026-09-17
/api/editor-instance,200,reference,react-rtekit,EditorInstance,743,0,0,0,1,1,/api,no,no,apps/site/src/routes/ApiPage.tsx,2026-09-17
/api/handlers,200,reference,react-rtekit,Handlers,137,0,0,0,1,1,/api,no,no,apps/site/src/routes/ApiPage.tsx,2026-09-17
/api/hooks,200,reference,react-rtekit,Hooks,210,0,0,0,1,1,/api,no,no,apps/site/src/routes/ApiPage.tsx,2026-09-17
/api/icons,200,reference,react-rtekit,Icons,116,0,0,0,1,1,/api,no,no,apps/site/src/routes/ApiPage.tsx,2026-09-17
/api/localization,200,reference,react-rtekit,Localization,340,0,0,0,1,1,/api,no,no,apps/site/src/routes/ApiPage.tsx,2026-09-17
/api/plugins,200,reference,react-rtekit,Plugins,235,0,0,0,1,1,/api,no,no,apps/site/src/routes/ApiPage.tsx,2026-09-17
/api/rich-text-editor,200,reference,react-rtekit,<RichTextEditor>,1547,0,0,0,1,1,/api,no,no,apps/site/src/routes/ApiPage.tsx,2026-09-17
/api/slots,200,reference,react-rtekit,Slots,293,0,0,0,1,1,/api,no,no,apps/site/src/routes/ApiPage.tsx,2026-09-17
/api/theme-tokens,200,reference,react-rtekit,Theme tokens,454,0,0,0,1,1,/api,no,no,apps/site/src/routes/ApiPage.tsx,2026-09-17
/api/types,200,reference,react-rtekit,Types,2762,0,0,0,1,1,/api,no,no,apps/site/src/routes/ApiPage.tsx,2026-09-17
/api/utilities,200,reference,react-rtekit,Utilities,1919,0,0,0,1,1,/api,no,no,apps/site/src/routes/ApiPage.tsx,2026-09-17
/changelog,200,changelog,react-rtekit,Changelog,2750,1,2,0,0,0,,no,no,apps/site/src/routes/Changelog.tsx,2026-09-17
/docs,200,install,react-rtekit,Getting started,446,7,1,1,80,0,,no,no,apps/site/src/guides/getting-started.tsx,2026-09-17
/docs/getting-started,200,how-to,react-rtekit,Getting started,446,7,1,1,1,1,/,no,no,,
/docs/guides/accessibility,200,how-to,react-rtekit,Accessibility,257,6,1,0,17,3,/docs/guides/localization /docs/guides/theming /docs/guides/toolbar,no,no,apps/site/src/guides/accessibility.tsx,2026-09-17
/docs/guides/forms,200,how-to,react-rtekit,Forms,365,6,1,0,17,5,/docs /docs/getting-started /docs/guides/getting-started /docs/guides/migration-from-quill /docs/guides/value-and-formats,no,no,apps/site/src/guides/forms.tsx,2026-09-17
/docs/guides/getting-started,200,install,react-rtekit,Getting started,446,7,1,1,17,0,,no,no,apps/site/src/guides/getting-started.tsx,2026-09-17
/docs/guides/html-interop,200,how-to,react-rtekit,HTML interop,267,5,1,0,17,3,/docs/guides/merge-tags /docs/guides/migration-from-quill /docs/guides/sanitization,no,no,apps/site/src/guides/html-interop.tsx,2026-09-17
/docs/guides/localization,200,how-to,react-rtekit,Localization,270,6,1,0,17,1,/docs/guides/accessibility,no,no,apps/site/src/guides/localization.tsx,2026-09-17
/docs/guides/merge-tags,200,how-to,react-rtekit,Merge tags,204,5,1,0,17,0,,no,no,apps/site/src/guides/merge-tags.tsx,2026-09-17
/docs/guides/migration-from-quill,200,how-to,react-rtekit,Migrating from Quill,499,7,1,0,17,1,/docs/guides/html-interop,no,no,apps/site/src/guides/migration-from-quill.tsx,2026-09-17
/docs/guides/performance,200,how-to,react-rtekit,Performance,236,5,1,0,17,1,/docs/guides/ssr,no,no,apps/site/src/guides/performance.tsx,2026-09-17
/docs/guides/plugins,200,how-to,react-rtekit,Plugins,305,6,1,0,17,1,/docs/guides/slots-and-handlers,no,no,apps/site/src/guides/plugins.tsx,2026-09-17
/docs/guides/sanitization,200,how-to,react-rtekit,Sanitization,379,6,1,0,17,4,/docs/guides/html-interop /docs/guides/plugins /docs/guides/ssr /docs/guides/uploads,no,no,apps/site/src/guides/sanitization.tsx,2026-09-17
/docs/guides/slots-and-handlers,200,how-to,react-rtekit,Slots and handlers,350,5,1,0,17,3,/docs/guides/plugins /docs/guides/theming /docs/guides/toolbar,no,no,apps/site/src/guides/slots-and-handlers.tsx,2026-09-17
/docs/guides/ssr,200,how-to,react-rtekit,SSR,279,5,1,0,17,1,/docs/guides/performance,no,no,apps/site/src/guides/ssr.tsx,2026-09-17
/docs/guides/theming,200,how-to,react-rtekit,Theming,292,7,1,0,17,2,/docs/guides/localization /docs/guides/slots-and-handlers,no,no,apps/site/src/guides/theming.tsx,2026-09-17
/docs/guides/toolbar,200,how-to,react-rtekit,Toolbar,346,6,1,0,17,1,/docs/guides/accessibility,no,no,apps/site/src/guides/toolbar.tsx,2026-09-17
/docs/guides/uploads,200,how-to,react-rtekit,Uploads,336,6,1,0,17,1,/docs/guides/sanitization,no,no,apps/site/src/guides/uploads.tsx,2026-09-17
/docs/guides/value-and-formats,200,how-to,react-rtekit,Value and formats,327,5,1,0,17,5,/docs /docs/getting-started /docs/guides/forms /docs/guides/getting-started /docs/guides/performance,no,no,apps/site/src/guides/value-and-formats.tsx,2026-09-17
/examples,200,capability,react-rtekit,Examples,1150,44,0,0,80,1,/,no,no,apps/site/src/routes/ExamplesGallery.tsx,2026-09-17
/examples/accessibility,200,capability,react-rtekit,Accessibility,99,2,0,1,5,5,/docs/guides/accessibility /docs/guides/localization /docs/guides/slots-and-handlers /examples /examples/localization,no,no,apps/site/src/examples/accessibility/index.tsx,2026-09-17
/examples/autosave,200,capability,react-rtekit,Autosave and drafts,56,2,0,1,1,1,/examples,no,no,apps/site/src/examples/autosave/index.tsx,2026-09-17
/examples/basic,200,capability,react-rtekit,Basic,67,3,0,1,11,11,/docs /docs/getting-started /docs/guides/getting-started /docs/guides/performance /docs/guides/value-and-formats /examples /examples/content-styles /examples/controlled /examples/large-document /examples/readonly-and-disabled /examples/value-formats,no,no,apps/site/src/examples/basic/index.tsx,2026-09-17
/examples/command-overrides,200,capability,react-rtekit,Command overrides,89,3,0,1,3,3,/examples /examples/handlers-middleware /examples/plugin-authoring,no,no,apps/site/src/examples/command-overrides/index.tsx,2026-09-17
/examples/composable,200,capability,react-rtekit,Composable parts,86,1,0,1,2,2,/examples /examples/headless,no,no,apps/site/src/examples/composable/index.tsx,2026-09-17
/examples/content-styles,200,capability,react-rtekit,Content styles,131,5,0,1,2,2,/examples /examples/theming,no,no,apps/site/src/examples/content-styles/index.tsx,2026-09-17
/examples/controlled,200,capability,react-rtekit,Controlled value,88,3,0,1,8,8,/docs /docs/getting-started /docs/guides/forms /docs/guides/getting-started /examples /examples/basic /examples/history /examples/multiple-editors,no,no,apps/site/src/examples/controlled/index.tsx,2026-09-17
/examples/counter-and-limits,200,capability,react-rtekit,Counter and limits,96,2,0,1,5,5,/docs/guides/forms /docs/guides/value-and-formats /examples /examples/validation-formik /examples/validation-rhf,no,no,apps/site/src/examples/counter-and-limits/index.tsx,2026-09-17
/examples/design-system-skin,200,capability,react-rtekit,Design-system skin,92,1,0,1,4,4,/examples /examples/slots-custom /examples/tailwind-skin /examples/theming,no,no,apps/site/src/examples/design-system-skin/index.tsx,2026-09-17
/examples/email-output,200,capability,react-rtekit,E-mail output,187,4,0,1,7,7,/docs/guides/html-interop /docs/guides/merge-tags /docs/guides/ssr /examples /examples/html-interop /examples/merge-tags /examples/tables,no,no,apps/site/src/examples/email-output/index.tsx,2026-09-17
/examples/emoji-and-slash,200,capability,react-rtekit,Emoji and slash menu,75,2,0,1,2,2,/examples /examples/mentions,no,no,apps/site/src/examples/emoji-and-slash/index.tsx,2026-09-17
/examples/find-replace,200,capability,react-rtekit,Find and replace,96,3,0,1,1,1,/examples,no,no,apps/site/src/examples/find-replace/index.tsx,2026-09-17
/examples/floating-toolbar,200,capability,react-rtekit,Floating toolbar,119,1,0,1,4,4,/docs/guides/toolbar /examples /examples/fullscreen /examples/mobile,no,no,apps/site/src/examples/floating-toolbar/index.tsx,2026-09-17
/examples/formatting,200,capability,react-rtekit,Formatting,84,4,0,1,6,6,/examples /examples/accessibility /examples/find-replace /examples/history /examples/links /examples/lists,no,no,apps/site/src/examples/formatting/index.tsx,2026-09-17
/examples/fullscreen,200,capability,react-rtekit,Fullscreen,52,1,0,1,1,1,/examples,no,no,apps/site/src/examples/fullscreen/index.tsx,2026-09-17
/examples/handlers-middleware,200,capability,react-rtekit,Handler middleware,94,3,0,1,2,2,/examples /examples/command-overrides,no,no,apps/site/src/examples/handlers-middleware/index.tsx,2026-09-17
/examples/headless,200,capability,react-rtekit,Headless,114,1,0,1,2,2,/examples /examples/composable,no,no,apps/site/src/examples/headless/index.tsx,2026-09-17
/examples/history,200,capability,react-rtekit,History,52,2,0,1,2,2,/examples /examples/autosave,no,no,apps/site/src/examples/history/index.tsx,2026-09-17
/examples/html-interop,200,capability,react-rtekit,HTML interop profiles,132,2,0,1,8,8,/docs/guides/html-interop /docs/guides/migration-from-quill /docs/guides/sanitization /examples /examples/email-output /examples/paste-cleanup /examples/sanitization /examples/source-view,no,no,apps/site/src/examples/html-interop/index.tsx,2026-09-17
/examples/images,200,capability,react-rtekit,Images and uploads,94,3,0,1,3,3,/docs/guides/uploads /examples /examples/tables,no,no,apps/site/src/examples/images/index.tsx,2026-09-17
/examples/large-document,200,capability,react-rtekit,Large document,9456,67,0,1,1,1,/examples,no,no,apps/site/src/examples/large-document/index.tsx,2026-09-17
/examples/legacy-parity,200,capability,react-rtekit,Parity: a legacy “send report” form,244,4,0,1,9,9,/docs/guides/merge-tags /docs/guides/migration-from-quill /examples /examples/controlled /examples/counter-and-limits /examples/merge-tags /examples/multiple-editors /examples/presets /examples/validation-rhf,no,no,apps/site/src/examples/legacy-parity/index.tsx,2026-09-17
/examples/links,200,capability,react-rtekit,Links,95,2,0,1,1,1,/examples,no,no,apps/site/src/examples/links/index.tsx,2026-09-17
/examples/lists,200,capability,react-rtekit,Lists,66,2,0,1,3,3,/examples /examples/formatting /examples/markdown,no,no,apps/site/src/examples/lists/index.tsx,2026-09-17
/examples/localization,200,capability,react-rtekit,Localization,135,1,0,1,1,1,/examples,no,no,apps/site/src/examples/localization/index.tsx,2026-09-17
/examples/markdown,200,capability,react-rtekit,Markdown,66,3,0,1,3,3,/examples /examples/lists /examples/value-formats,no,no,apps/site/src/examples/markdown/index.tsx,2026-09-17
/examples/mentions,200,capability,react-rtekit,Mentions,48,2,0,1,2,2,/examples /examples/emoji-and-slash,no,no,apps/site/src/examples/mentions/index.tsx,2026-09-17
/examples/merge-tags,200,capability,react-rtekit,Merge tags,125,2,0,1,5,5,/docs/guides/merge-tags /examples /examples/email-output /examples/emoji-and-slash /examples/mentions,no,no,apps/site/src/examples/merge-tags/index.tsx,2026-09-17
/examples/mobile,200,capability,react-rtekit,Mobile,55,1,0,1,4,4,/docs/guides/accessibility /docs/guides/toolbar /examples /examples/floating-toolbar,no,no,apps/site/src/examples/mobile/index.tsx,2026-09-17
/examples/multiple-editors,200,capability,react-rtekit,Multiple editors on one page,111,2,0,3,2,2,/examples /examples/legacy-parity,no,no,apps/site/src/examples/multiple-editors/index.tsx,2026-09-17
/examples/paste-cleanup,200,capability,react-rtekit,Paste clean-up,164,1,0,0,7,7,/docs/guides/html-interop /docs/guides/sanitization /examples /examples/handlers-middleware /examples/html-interop /examples/images /examples/sanitization,no,no,apps/site/src/examples/paste-cleanup/index.tsx,2026-09-17
/examples/plugin-authoring,200,capability,react-rtekit,Writing a plugin,458,3,0,1,2,2,/examples /examples/command-overrides,no,no,apps/site/src/examples/plugin-authoring/index.tsx,2026-09-17
/examples/presets,200,capability,react-rtekit,Presets,96,2,0,1,10,10,/docs /docs/getting-started /docs/guides/getting-started /docs/guides/plugins /docs/guides/slots-and-handlers /docs/guides/theming /examples /examples/legacy-parity /examples/theming /examples/toolbar-config,no,no,apps/site/src/examples/presets/index.tsx,2026-09-17
/examples/readonly-and-disabled,200,capability,react-rtekit,Read-only and disabled,103,7,0,0,5,5,/docs/guides/performance /docs/guides/ssr /docs/guides/theming /examples /examples/content-styles,no,no,apps/site/src/examples/readonly-and-disabled/index.tsx,2026-09-17
/examples/sanitization,200,capability,react-rtekit,Sanitization,300,2,0,0,6,6,/docs/guides/sanitization /docs/guides/uploads /examples /examples/links /examples/paste-cleanup /examples/source-view,no,no,apps/site/src/examples/sanitization/index.tsx,2026-09-17
/examples/slots-custom,200,capability,react-rtekit,Custom slots,91,1,0,1,6,6,/examples /examples/composable /examples/design-system-skin /examples/headless /examples/plugin-authoring /examples/toolbar-config,no,no,apps/site/src/examples/slots-custom/index.tsx,2026-09-17
/examples/source-view,200,capability,react-rtekit,Source view,68,2,0,1,3,3,/examples /examples/find-replace /examples/fullscreen,no,no,apps/site/src/examples/source-view/index.tsx,2026-09-17
/examples/tables,200,capability,react-rtekit,Tables,162,1,0,1,2,2,/examples /examples/images,no,no,apps/site/src/examples/tables/index.tsx,2026-09-17
/examples/tailwind-skin,200,capability,react-rtekit,Tailwind skin,159,2,0,1,3,3,/examples /examples/design-system-skin /examples/slots-custom,no,no,apps/site/src/examples/tailwind-skin/index.tsx,2026-09-17
/examples/theming,200,capability,react-rtekit,Theming,387,4,0,1,4,4,/examples /examples/content-styles /examples/localization /examples/tailwind-skin,no,no,apps/site/src/examples/theming/index.tsx,2026-09-17
/examples/toolbar-config,200,capability,react-rtekit,Toolbar configuration,84,1,0,1,10,10,/docs/guides/accessibility /docs/guides/plugins /docs/guides/slots-and-handlers /docs/guides/toolbar /examples /examples/accessibility /examples/floating-toolbar /examples/formatting /examples/mobile /examples/presets,no,no,apps/site/src/examples/toolbar-config/index.tsx,2026-09-17
/examples/validation-formik,200,capability,react-rtekit,Validation with Formik,59,1,0,1,1,1,/examples,no,no,apps/site/src/examples/validation-formik/index.tsx,2026-09-17
/examples/validation-rhf,200,capability,react-rtekit,Validation with react-hook-form,65,1,0,1,7,7,/docs/guides/forms /docs/guides/migration-from-quill /examples /examples/autosave /examples/counter-and-limits /examples/legacy-parity /examples/validation-formik,no,no,apps/site/src/examples/validation-rhf/index.tsx,2026-09-17
/examples/value-formats,200,capability,react-rtekit,Value formats,232,2,0,1,6,6,/docs/guides/value-and-formats /examples /examples/basic /examples/large-document /examples/markdown /examples/readonly-and-disabled,no,no,apps/site/src/examples/value-formats/index.tsx,2026-09-17
/internal/performance,200,orphan,react-rtekit,Performance harness,43,0,0,1,0,0,,no,no,apps/site/src/routes/Performance.tsx,2026-09-17
/playground,200,tool,react-rtekit,Playground,179,0,0,1,80,0,,no,no,apps/site/src/routes/Playground.tsx,2026-09-17
/theme-editor,200,tool,react-rtekit,Theme editor,414,3,0,1,80,0,,no,no,apps/site/src/routes/ThemeEditor.tsx,2026-09-17
