legacy_url,content_type_found,target_archetype,target_url,action,redirect
/,marketing,A. Docs Overview,/react-rtekit/,rewrite,301 / -> /react-rtekit/
/api,reference,E. Reference,/react-rtekit/api/,generate,301 /api -> /react-rtekit/api/
/api/commands,reference,E. Reference,/react-rtekit/api/commands/,generate,301 /api/commands -> /react-rtekit/api/commands/
/api/editor-instance,reference,E. Reference,/react-rtekit/api/editor-instance/,generate,301 /api/editor-instance -> /react-rtekit/api/editor-instance/
/api/handlers,reference,E. Reference,/react-rtekit/api/handlers/,generate,301 /api/handlers -> /react-rtekit/api/handlers/
/api/hooks,reference,E. Reference,/react-rtekit/api/editor-hooks/,generate,301 /api/hooks -> /react-rtekit/api/editor-hooks/
/api/icons,reference,E. Reference,/react-rtekit/api/icons/,generate,301 /api/icons -> /react-rtekit/api/icons/
/api/localization,reference,E. Reference,/react-rtekit/api/localization-keys/,generate,301 /api/localization -> /react-rtekit/api/localization-keys/
/api/plugins,reference,E. Reference,/react-rtekit/api/plugins/,generate,301 /api/plugins -> /react-rtekit/api/plugins/
/api/rich-text-editor,reference,E. Reference,/react-rtekit/api/rich-text-editor/,generate,301 /api/rich-text-editor -> /react-rtekit/api/rich-text-editor/
/api/slots,reference,E. Reference,/react-rtekit/api/slots/,generate,301 /api/slots -> /react-rtekit/api/slots/
/api/theme-tokens,reference,E. Reference,/react-rtekit/api/theme-tokens/,generate,301 /api/theme-tokens -> /react-rtekit/api/theme-tokens/
/api/types,reference,E. Reference,/react-rtekit/api/types/,generate,301 /api/types -> /react-rtekit/api/types/
/api/utilities,reference,E. Reference,/react-rtekit/api/serialization/,generate,301 /api/utilities -> /react-rtekit/api/serialization/
/changelog,changelog,I. Editorial,/react-rtekit/discover-more/changelog/,port,301 /changelog -> /react-rtekit/discover-more/changelog/
/docs,install,F. Getting started,/react-rtekit/getting-started/usage/,port,301 /docs -> /react-rtekit/getting-started/usage/
/docs/getting-started,install,F. Getting started,/react-rtekit/getting-started/usage/,merge,301 /docs/getting-started -> /react-rtekit/getting-started/usage/
/docs/guides/accessibility,how-to,I. Editorial,/react-rtekit/guides/accessibility/,split,301 /docs/guides/accessibility -> /react-rtekit/guides/accessibility/
/docs/guides/forms,how-to,B. Capability,/react-rtekit/forms/,split,301 /docs/guides/forms -> /react-rtekit/forms/
/docs/guides/getting-started,how-to,B. Capability,/react-rtekit/getting-started/usage/,split,301 /docs/guides/getting-started -> /react-rtekit/getting-started/usage/
/docs/guides/html-interop,how-to,B. Capability,/react-rtekit/html-interop/,split,301 /docs/guides/html-interop -> /react-rtekit/html-interop/
/docs/guides/localization,how-to,I. Editorial,/react-rtekit/guides/localization/,split,301 /docs/guides/localization -> /react-rtekit/guides/localization/
/docs/guides/merge-tags,how-to,B. Capability,/react-rtekit/merge-tags/,split,301 /docs/guides/merge-tags -> /react-rtekit/merge-tags/
/docs/guides/migration-from-quill,how-to,B. Capability,/react-rtekit/migration/from-quill/,split,301 /docs/guides/migration-from-quill -> /react-rtekit/migration/from-quill/
/docs/guides/performance,how-to,I. Editorial,/react-rtekit/guides/performance/,split,301 /docs/guides/performance -> /react-rtekit/guides/performance/
/docs/guides/plugins,how-to,I. Editorial,/react-rtekit/guides/writing-a-plugin/,split,301 /docs/guides/plugins -> /react-rtekit/guides/writing-a-plugin/
/docs/guides/sanitization,how-to,B. Capability,/react-rtekit/sanitization/,split,301 /docs/guides/sanitization -> /react-rtekit/sanitization/
/docs/guides/slots-and-handlers,how-to,B. Capability,/react-rtekit/slots/,split,301 /docs/guides/slots-and-handlers -> /react-rtekit/slots/
/docs/guides/ssr,how-to,I. Editorial,/react-rtekit/guides/server-rendering/,split,301 /docs/guides/ssr -> /react-rtekit/guides/server-rendering/
/docs/guides/theming,how-to,B. Capability,/react-rtekit/customization/theme-tokens/,split,301 /docs/guides/theming -> /react-rtekit/customization/theme-tokens/
/docs/guides/toolbar,how-to,B. Capability,/react-rtekit/toolbar/,split,301 /docs/guides/toolbar -> /react-rtekit/toolbar/
/docs/guides/uploads,how-to,B. Capability,/react-rtekit/images/,split,301 /docs/guides/uploads -> /react-rtekit/images/
/docs/guides/value-and-formats,how-to,B. Capability,/react-rtekit/value-formats/,split,301 /docs/guides/value-and-formats -> /react-rtekit/value-formats/
/examples,capability,C. Features index,/react-rtekit/all-features/,split,301 /examples -> /react-rtekit/all-features/
/examples/accessibility,capability,B. Capability,/react-rtekit/accessibility/,port,301 /examples/accessibility -> /react-rtekit/accessibility/
/examples/autosave,capability,B. Capability,/react-rtekit/autosave/,port,301 /examples/autosave -> /react-rtekit/autosave/
/examples/basic,capability,B. Capability,/react-rtekit/getting-started/usage/,port,301 /examples/basic -> /react-rtekit/getting-started/usage/
/examples/command-overrides,capability,B. Capability,/react-rtekit/commands/,port,301 /examples/command-overrides -> /react-rtekit/commands/
/examples/composable,capability,B. Capability,/react-rtekit/composable-parts/,port,301 /examples/composable -> /react-rtekit/composable-parts/
/examples/content-styles,capability,B. Capability,/react-rtekit/content-view/,port,301 /examples/content-styles -> /react-rtekit/content-view/
/examples/controlled,capability,B. Capability,/react-rtekit/value-formats/,port,301 /examples/controlled -> /react-rtekit/value-formats/
/examples/counter-and-limits,capability,B. Capability,/react-rtekit/counters-and-limits/,port,301 /examples/counter-and-limits -> /react-rtekit/counters-and-limits/
/examples/design-system-skin,capability,B. Capability,/react-rtekit/customization/design-system-skin/,port,301 /examples/design-system-skin -> /react-rtekit/customization/design-system-skin/
/examples/email-output,capability,B. Capability,/react-rtekit/email-output/,port,301 /examples/email-output -> /react-rtekit/email-output/
/examples/emoji-and-slash,capability,B. Capability,/react-rtekit/emoji/,port,301 /examples/emoji-and-slash -> /react-rtekit/emoji/
/examples/find-replace,capability,B. Capability,/react-rtekit/find-and-replace/,port,301 /examples/find-replace -> /react-rtekit/find-and-replace/
/examples/floating-toolbar,capability,B. Capability,/react-rtekit/selection-toolbar/,port,301 /examples/floating-toolbar -> /react-rtekit/selection-toolbar/
/examples/formatting,capability,B. Capability,/react-rtekit/text-formatting/,port,301 /examples/formatting -> /react-rtekit/text-formatting/
/examples/fullscreen,capability,B. Capability,/react-rtekit/fullscreen/,port,301 /examples/fullscreen -> /react-rtekit/fullscreen/
/examples/handlers-middleware,capability,B. Capability,/react-rtekit/handler-middleware/,port,301 /examples/handlers-middleware -> /react-rtekit/handler-middleware/
/examples/headless,capability,B. Capability,/react-rtekit/headless/,port,301 /examples/headless -> /react-rtekit/headless/
/examples/history,capability,B. Capability,/react-rtekit/history/,port,301 /examples/history -> /react-rtekit/history/
/examples/html-interop,capability,B. Capability,/react-rtekit/html-interop/,port,301 /examples/html-interop -> /react-rtekit/html-interop/
/examples/images,capability,B. Capability,/react-rtekit/images/,port,301 /examples/images -> /react-rtekit/images/
/examples/large-document,capability,B. Capability,/react-rtekit/demos/large-document/,port,301 /examples/large-document -> /react-rtekit/demos/large-document/
/examples/legacy-parity,capability,B. Capability,/react-rtekit/demos/legacy-parity/,port,301 /examples/legacy-parity -> /react-rtekit/demos/legacy-parity/
/examples/links,capability,B. Capability,/react-rtekit/links/,port,301 /examples/links -> /react-rtekit/links/
/examples/lists,capability,B. Capability,/react-rtekit/lists/,port,301 /examples/lists -> /react-rtekit/lists/
/examples/localization,capability,B. Capability,/react-rtekit/localization/,port,301 /examples/localization -> /react-rtekit/localization/
/examples/markdown,capability,B. Capability,/react-rtekit/markdown-shortcuts/,port,301 /examples/markdown -> /react-rtekit/markdown-shortcuts/
/examples/mentions,capability,B. Capability,/react-rtekit/mentions/,port,301 /examples/mentions -> /react-rtekit/mentions/
/examples/merge-tags,capability,B. Capability,/react-rtekit/merge-tags/,port,301 /examples/merge-tags -> /react-rtekit/merge-tags/
/examples/mobile,capability,B. Capability,/react-rtekit/mobile/,port,301 /examples/mobile -> /react-rtekit/mobile/
/examples/multiple-editors,capability,B. Capability,/react-rtekit/demos/cms-body-field/,port,301 /examples/multiple-editors -> /react-rtekit/demos/cms-body-field/
/examples/paste-cleanup,capability,B. Capability,/react-rtekit/paste-cleanup/,port,301 /examples/paste-cleanup -> /react-rtekit/paste-cleanup/
/examples/plugin-authoring,capability,B. Capability,/react-rtekit/plugin-authoring/,port,301 /examples/plugin-authoring -> /react-rtekit/plugin-authoring/
/examples/presets,capability,B. Capability,/react-rtekit/presets/,port,301 /examples/presets -> /react-rtekit/presets/
/examples/readonly-and-disabled,capability,B. Capability,/react-rtekit/read-only-and-disabled/,port,301 /examples/readonly-and-disabled -> /react-rtekit/read-only-and-disabled/
/examples/sanitization,capability,B. Capability,/react-rtekit/sanitization/,port,301 /examples/sanitization -> /react-rtekit/sanitization/
/examples/slots-custom,capability,B. Capability,/react-rtekit/slots/,port,301 /examples/slots-custom -> /react-rtekit/slots/
/examples/source-view,capability,B. Capability,/react-rtekit/source-view/,port,301 /examples/source-view -> /react-rtekit/source-view/
/examples/tables,capability,B. Capability,/react-rtekit/tables/,port,301 /examples/tables -> /react-rtekit/tables/
/examples/tailwind-skin,capability,B. Capability,/react-rtekit/integrations/tailwind/,port,301 /examples/tailwind-skin -> /react-rtekit/integrations/tailwind/
/examples/theming,capability,B. Capability,/react-rtekit/theming/,port,301 /examples/theming -> /react-rtekit/theming/
/examples/toolbar-config,capability,B. Capability,/react-rtekit/toolbar/,port,301 /examples/toolbar-config -> /react-rtekit/toolbar/
/examples/validation-formik,capability,B. Capability,/react-rtekit/integrations/formik/,port,301 /examples/validation-formik -> /react-rtekit/integrations/formik/
/examples/validation-rhf,capability,B. Capability,/react-rtekit/integrations/react-hook-form/,port,301 /examples/validation-rhf -> /react-rtekit/integrations/react-hook-form/
/examples/value-formats,capability,B. Capability,/react-rtekit/value-formats/,port,301 /examples/value-formats -> /react-rtekit/value-formats/
/internal/performance,orphan,(none — test harness),/internal/performance,port,(same URL)
/playground,tool,B. Capability,/react-rtekit/demos/playground/,port,301 /playground -> /react-rtekit/demos/playground/
/theme-editor,tool,B. Capability,/react-rtekit/demos/theme-editor/,port,301 /theme-editor -> /react-rtekit/demos/theme-editor/
